"name","ops","margin","percentSlower","samples","promise","min","max","mean","median","standardDeviation","marginOfError","relativeMarginOfError","standardErrorOfMean","sampleVariance"
"devalue",228433,2.31,56.15,90,false,0.0000039898940829816045,0.000008578912160547902,0.000004377642248850615,0.000004311216851158716,4.895541917866895e-7,1.0114294389641718e-7,2.3104433424858564,5.160354280429448e-8,2.3966330669591876e-13
"flatted",229326,0.86,55.98,88,false,0.000004064730256743581,0.000004852118402862486,0.000004360608480012988,0.000004354220831979201,1.7911610364131745e-7,3.7423927975011544e-8,0.8582271980285667,1.909384080357732e-8,3.2082578583647176e-14
"next-json",220449,1.02,57.68,87,false,0.000004046099800399202,0.0000050534291417165665,0.000004536202184528907,0.0000045484630738522955,2.1912868281832098e-7,4.6046399088035376e-8,1.0150870092404707,2.3493060759201722e-8,4.8017379633692324e-14
"o-son",375915,0.92,27.84,87,false,0.0000024290000967960508,0.00000301471615720524,0.0000026601742230853993,0.000002668346341463415,1.169366077227526e-7,2.4572363772510734e-8,0.9237125733821491,1.2536920292097313e-8,1.3674170225704921e-14
"seroval",406180,0.92,22.03,85,false,0.0000022547513961448387,0.000002697971510998918,0.000002461961097846003,0.0000024620561762178297,1.0641277286713282e-7,2.26224881051034e-8,0.9188808111101376,1.1542085767909898e-8,1.1323678229272e-14
"superjson",122525,0.84,76.48,88,false,0.000007506553689262148,0.000008875269946010798,0.000008161569922203442,0.000008201416370409869,3.2863457711712976e-7,6.866382471538326e-8,0.8413065791249823,3.503256363029758e-8,1.0800068527695469e-13
"warp10",520944,0.89,0,88,false,0.0000017760843627175744,0.0000022165251263335207,0.0000019195911018917644,0.0000019133632790567093,8.216912943632131e-8,1.716814691297777e-8,0.8943647892542581,8.75925862907029e-9,6.751765832322925e-15