"name","ops","margin","percentSlower","samples","promise","min","max","mean","median","standardDeviation","marginOfError","relativeMarginOfError","standardErrorOfMean","sampleVariance"
"devalue",66480,0.92,44.03,90,false,0.000013891215469613261,0.000017904060773480663,0.00001504222251346353,0.00001502828729281768,6.731656806360344e-7,1.3907747050653505e-7,0.9245805956005095,7.09578931155791e-8,4.531520335861754e-13
"flatted",54545,0.93,54.08,90,false,0.00001712736914129319,0.000020620116318850496,0.00001833352699593809,0.00001819686965446459,8.296454243816463e-7,1.7140652050368896e-7,0.9349347811889395,8.745230637943314e-8,6.883115301974019e-13
"next-json",54103,1.42,54.45,87,false,0.000016441335504885996,0.00002243037865748709,0.000018483340460688595,0.00001821035725991478,0.0000012490612417415985,2.6247030595404083e-7,1.4200371762467796,1.3391342140512287e-7,1.5601539856210637e-12
"o-son",102563,0.9,13.66,89,false,0.000008873283661522087,0.000010863181253328599,0.000009750081790990022,0.000009763100940216427,4.246845296273186e-7,8.823228141098537e-8,0.9049388846411541,4.5016470107645594e-8,1.8035694970477685e-13
"seroval",115606,1.13,2.68,83,false,0.000007831569885741118,0.000010228116797900262,0.00000865010639277962,0.000008620848333072467,4.552132572425845e-7,9.793364678470852e-8,1.1321669623214725,4.9966146318728836e-8,2.0721910956940341e-13
"superjson",8083,0.88,93.2,84,false,0.00011266112359550561,0.0001339813063063063,0.0001237215977254565,0.00012332455156950672,0.000005085157462981672,0.0000010874788864278785,0.8789725532328159,5.54836166544836e-7,2.5858826423318195e-11
"warp10",118787,0.8,0,89,false,0.000007776871699285492,0.000009532898869346734,0.000008418464027339061,0.000008438196800775569,3.2562546549883777e-7,6.765181140855102e-8,0.8036122882850241,3.451623031048522e-8,1.0603194378133477e-13