"name","ops","margin","percentSlower","samples","promise","min","max","mean","median","standardDeviation","marginOfError","relativeMarginOfError","standardErrorOfMean","sampleVariance"
"devalue",66112,0.93,46.11,85,false,0.000013737956605328207,0.000016786332438078186,0.000015125858535850558,0.000015075940675638561,6.648150036036199e-7,1.4133425063451592e-7,0.9343882881063081,7.210931154822241e-8,4.419789890164811e-13
"flatted",53619,2.16,56.29,86,false,0.000017028819326301463,0.000032194113549285965,0.00001865019820827097,0.000018246243587118373,0.000001902074683530777,4.020077364117453e-7,2.1555145522982344,2.0510598796517617e-7,3.617888101728706e-12
"next-json",60048,0.86,51.05,88,false,0.00001535596695226438,0.00001881038234379857,0.00001665321018985998,0.000016669687165694788,6.835371529037226e-7,1.4281599844165314e-7,0.8575883977529616,7.286530532737404e-8,4.672230393997271e-13
"o-son",100726,1.24,17.89,85,false,0.000008907820831852116,0.0000118722004976893,0.000009927904457833903,0.000009838866034698622,5.80188050929691e-7,1.2334325031890984e-7,1.242389578211364,6.293022975454584e-8,3.366181744415937e-13
"seroval",118054,0.87,3.76,87,false,0.00000776252716547656,0.000009347030959228557,0.000008470677001833913,0.000008454610369450482,3.4950295485785074e-7,7.344247377772614e-8,0.8670201184843401,3.7470649886594973e-8,1.2215231545436887e-13
"superjson",7629,1.11,93.78,88,false,0.00011961718377088305,0.00015174700239808153,0.00013107389136556713,0.00012992332048237008,0.0000069440715977401394,0.0000014508714182815891,1.106911073720308,7.40240519531423e-7,4.8220130354541295e-11
"warp10",122671,1.13,0,88,false,0.000007386830060534475,0.000009369319356267533,0.000008151890145371337,0.000008164897386682416,4.4142740044321946e-7,9.22303852336195e-8,1.1313987748717165,4.705631899674465e-8,1.9485814986205845e-13