"name","ops","margin","percentSlower","samples","promise","min","max","mean","median","standardDeviation","marginOfError","relativeMarginOfError","standardErrorOfMean","sampleVariance"
"devalue",229172,1.96,56.59,82,false,0.000003913397725502415,0.00000666764058787292,0.000004363542417325543,0.000004283841213111755,3.952112423802877e-7,8.554181001126282e-8,1.9603753517238,4.3643780617991234e-8,1.561919261037705e-13
"flatted",232930,0.74,55.88,90,false,0.00000398265127388535,0.0000046859990116949435,0.000004293132397860553,0.000004320903662420382,1.5276145872601232e-7,3.156084435324817e-8,0.7351472404852051,1.610247160880009e-8,2.3336063272099167e-14
"next-json",222970,1.09,57.76,86,false,0.000004102253227487772,0.000005231882192001287,0.000004484917547248565,0.000004481549295774647,2.323320052811945e-7,4.910388868943872e-8,1.0948671446493656,2.50530044333871e-8,5.397816067798098e-14
"o-son",381120,0.87,27.81,89,false,0.0000023955803485922237,0.0000029597056996799005,0.000002623842921145769,0.0000026210357842434667,1.0996798237910292e-7,2.2846902325323466e-8,0.8707419998811047,1.1656582819042585e-8,1.209295714853069e-14
"seroval",406300,1.06,23.04,86,false,0.0000022359762052739057,0.000002832995106182373,0.000002461234159719072,0.000002456130693420936,1.233732614489752e-7,2.6075214605543876e-8,1.0594365636677223,1.3303680921195855e-8,1.5220961640557192e-14
"superjson",123113,0.74,76.68,87,false,0.00000759143865842895,0.000008777660050738696,0.000008122600903619062,0.000008123565754633717,2.8536299068415815e-7,5.996448290109221e-8,0.7382423882770698,3.059412392912868e-8,8.143203645220693e-14
"warp10",527918,1,0,89,false,0.0000017341559655255963,0.0000021592335103409725,0.0000018942321754556073,0.0000018937569871436558,9.129403320198457e-8,1.8967210403661443e-8,1.0013139175560348,9.67714816513339e-9,8.334600498285061e-15