"name","ops","margin","percentSlower","samples","promise","min","max","mean","median","standardDeviation","marginOfError","relativeMarginOfError","standardErrorOfMean","sampleVariance"
"devalue",235914,0.97,53.97,89,false,0.000003890003109452737,0.000004783778656126482,0.000004238837263113232,0.000004209185770750988,1.9713221109164628e-7,4.095610626426981e-8,0.9662108668495903,2.089597258381113e-8,3.886110864988139e-14
"flatted",230918,0.87,54.94,88,false,0.0000040051634561585804,0.000004893274111675127,0.000004330543566760193,0.000004362365593991587,1.8106045420543878e-7,3.78301741694663e-8,0.8735664146145093,1.930110927013587e-8,3.278288807707979e-14
"next-json",237270,0.85,53.7,87,false,0.000003866736143276208,0.0000046500080606158315,0.000004214602317541608,0.000004197367608460707,1.6991838110530883e-7,3.5705638751340035e-8,0.8471887988750325,1.821716262823471e-8,2.8872256237448974e-14
"o-son",375433,0.91,26.74,88,false,0.0000024295995749408295,0.0000029782736801429742,0.000002663588631207611,0.0000026642139486372034,1.16238416696441e-7,2.4286471433568704e-8,0.9117951304123777,1.2391056853861584e-8,1.3511369516095453e-14
"seroval",416332,0.87,18.76,87,false,0.000002186780905752754,0.000002671474628539389,0.000002401931921550754,0.000002411326280818325,9.996592517329897e-8,2.100624540125037e-8,0.8745562358690065,1.0717472143495088e-8,9.99318619575361e-15
"superjson",112859,1.13,77.98,89,false,0.000008011513210568454,0.000010388158538574458,0.000008860607103632945,0.000008862017614091273,4.835458124167101e-7,1.0046127706534249e-7,1.1337967691192659,5.125575360476658e-8,2.3381655270573614e-13
"warp10",512479,0.94,0,87,false,0.000001779839568396394,0.0000021903528075530632,0.000001951297906127794,0.0000019395364520479873,8.740477036741349e-8,1.8366718983442516e-8,0.9412565311408501,9.370774991552305e-9,7.639593882980283e-15