"name","ops","margin","percentSlower","samples","promise","min","max","mean","median","standardDeviation","marginOfError","relativeMarginOfError","standardErrorOfMean","sampleVariance"
"devalue",66826,0.99,42.28,88,false,0.000013845429439381386,0.000016779215793803125,0.000014964336981584604,0.000014881386357359844,7.11190990480708e-7,1.485939000634202e-7,0.9929868610034822,7.581321431807154e-8,5.057926249409306e-13
"flatted",51078,2.84,55.88,85,false,0.000017117063222297757,0.00003483647178789939,0.000019577811288046382,0.000018944299788881067,0.000002612052151813069,5.553009957562348e-7,2.8363793459143456,2.8331683456950755e-7,6.822816443791284e-12
"next-json",56602,2.47,51.11,88,false,0.000015596218226906385,0.00003470036842105263,0.00001766736022801066,0.00001753273408839042,0.0000020890970661106676,4.364890512105744e-7,2.4705957515857078,2.226984955155992e-7,4.3643265516321985e-12
"o-son",101714,0.87,12.15,86,false,0.00000890014179369018,0.0000108970516887479,0.00000983144255103598,0.000009814354265557487,4.028631153167733e-7,8.514602001412918e-8,0.8660582571899074,4.344184694598427e-8,1.6229868968273577e-13
"seroval",111032,4.24,4.1,86,false,0.000007802013007122947,0.00002406474140600805,0.000009006389046936556,0.00000874457262310313,0.0000018048097914705002,3.8145058404120754e-7,4.235333184623583,1.9461764491898343e-7,3.2573383833877905e-12
"superjson",6548,9.7,94.34,80,false,0.00010994835164835166,0.0003949511627906977,0.00015272613820367499,0.0001246154945054945,0.00006760541827540448,0.000014814690469288879,9.700167007124913,0.000007558515545555551,4.570492580192395e-9
"warp10",115778,1.65,0,87,false,0.000007786211614472484,0.000013297212543554007,0.000008637201504529681,0.000008503384768541564,6.771286472145436e-7,1.4228778963378837e-7,1.6473830043118383,7.259581103764712e-8,4.585032048785978e-13