"name","ops","margin","percentSlower","samples","promise","min","max","mean","median","standardDeviation","marginOfError","relativeMarginOfError","standardErrorOfMean","sampleVariance"
"devalue",67709,0.89,43.58,88,false,0.000013500053633681953,0.000016632388552559162,0.000014769183216738444,0.000014728347042828513,6.270277978720057e-7,1.3100912016756868e-7,0.8870437738160859,6.684138784059626e-8,3.931638593042169e-13
"flatted",54884,0.94,54.26,89,false,0.000016796912751677852,0.00002056720375965089,0.000018220344627979784,0.000018024404162470627,8.25506477021602e-7,1.7150688265258573e-7,0.9412932968853612,8.75035115574417e-8,6.814609436046167e-13
"next-json",54589,1.46,54.51,87,false,0.000016115965306778027,0.00002191264,0.000018318619802386423,0.00001805261744966443,0.00000127175728860668,2.6723951835576353e-7,1.45884090198187,1.3634669303865487e-7,1.6173666011242144e-12
"o-son",104255,0.96,13.12,88,false,0.000008769447852760736,0.000010873286590709903,0.00000959184832236729,0.000009614758983347941,4.401947838359417e-7,9.197284638482934e-8,0.9588646869066652,4.6924921624912926e-8,1.9377144771637144e-13
"seroval",116920,1.01,2.57,86,false,0.000007814667291471414,0.000009837956888472353,0.000008552851551676989,0.000008589128661115618,4.103561745807214e-7,8.672969484013928e-8,1.0140441970272929,4.424984430619351e-8,1.6839219001652352e-13
"superjson",8325,0.89,93.06,87,false,0.00010986236323851204,0.00013550684596577017,0.00012011493410371989,0.00011996301969365426,0.000005097962713624308,0.0000010712555865728148,0.8918587805641053,5.46558972741232e-7,2.5989223829503717e-11
"warp10",120000,1.11,0,87,false,0.000007649090635803397,0.000010261370810160828,0.000008333355131772227,0.00000826489537859401,4.400631072667259e-7,9.247224599038387e-8,1.1096640492113303,4.717971734203259e-8,1.936555383772459e-13