"name","ops","margin","percentSlower","samples","promise","min","max","mean","median","standardDeviation","marginOfError","relativeMarginOfError","standardErrorOfMean","sampleVariance"
"devalue",144547,1.04,55.49,88,false,0.000006271765000626331,0.000008007825231806687,0.000006918179729512196,0.00000688543104530054,3.4429954939562144e-7,7.193681236061917e-8,1.0398228316293172,3.6702455286030185e-8,1.1854217971402798e-13
"flatted",107886,0.75,66.78,88,false,0.000008603920894239037,0.000010279554988145175,0.000009269002034933254,0.00000918954527830856,3.322193871890775e-7,6.941282310921456e-8,0.7488705132182485,3.5414705667966614e-8,1.1036972122428619e-13
"next-json",125365,1.32,61.39,87,false,0.000007028182456140351,0.00000991990277380612,0.000007976734899052045,0.000007944395195882184,4.993821916510417e-7,1.0493720583939494e-7,1.3155408468177334,5.3539390734385174e-8,2.4938257333819775e-13
"o-son",211937,0.88,34.73,90,false,0.000004291937558967321,0.000005298278285312719,0.000004718392148101566,0.000004703324841883345,1.9990231559203798e-7,4.130024628509187e-8,0.8753033870173111,2.1071554227087692e-8,3.996093577905875e-14
"seroval",324731,0.75,0,90,false,0.0000028317865822641726,0.00000336582525419721,0.000003079471773897169,0.0000030671340784184677,1.1197562661777406e-7,2.3134404139067186e-8,0.7512458576553168,1.1803267417891421e-8,1.253854095644315e-14
"superjson",63966,0.97,80.3,89,false,0.000014226033994334278,0.000017389886685552407,0.000015633358139324608,0.000015579830028328612,7.316150898990804e-7,1.520000470776428e-7,0.9722802082765405,7.755104442736877e-8,5.352606397680394e-13
"warp10",267405,1.66,17.65,90,false,0.000003424904580152672,0.000005993259269356598,0.0000037396469018174676,0.000003699277535441657,2.997149998797741e-7,6.192176050442897e-8,1.6558183735029905,3.159273495123927e-8,8.9829081152933e-14