"name","ops","margin","percentSlower","samples","promise","min","max","mean","median","standardDeviation","marginOfError","relativeMarginOfError","standardErrorOfMean","sampleVariance"
"devalue",139692,0.97,52.25,89,false,0.0000064532068654019876,0.000008152437280644743,0.000007158610627853645,0.000007129351358377746,3.331104298450375e-7,6.920688449097442e-8,0.9667641961373812,3.530963494437471e-8,1.1096255847154567e-13
"flatted",105428,1.02,63.96,90,false,0.000008744904736934103,0.000011275476315329487,0.000009485149143062363,0.000009563673360847891,4.6611537095610785e-7,9.630043334285898e-8,1.0152759001506595,4.913287415451989e-8,2.1726353904155005e-13
"next-json",134615,2.58,53.98,83,false,0.0000064988316857106174,0.000012775137626424274,0.000007428607501309779,0.000007211900091539166,8.897952411269713e-7,1.9142872372191418e-7,2.5769126136784357,9.766771618465009e-8,7.91735571132205e-13
"o-son",189992,3.59,35.05,79,false,0.000004433488863456291,0.000009428611673562814,0.000005263384987873391,0.000005022924553217713,8.576567194035011e-7,1.8912808283716184e-7,3.5932785322165235,9.649391981487849e-8,7.355750483379757e-13
"seroval",292533,1.74,0,81,false,0.000003059144777031155,0.00000459193006904415,0.0000034184227129132544,0.0000033692408221456574,2.7258379416543233e-7,5.936269295158304e-8,1.7365521451556485,3.028708824060359e-8,7.430192484162279e-14
"superjson",53788,1.86,81.61,84,false,0.000015999399304457792,0.00002578627517924206,0.000018591337121459653,0.00001835991912141003,0.0000016211722517032627,3.466934127063028e-7,1.8648116079080763,1.768843942379096e-7,2.628199469692627e-12
"warp10",249112,2.61,14.84,83,false,0.000003488126429611146,0.000006921771678103556,0.0000040142539567305796,0.000003927906009565398,4.87556308568288e-7,1.0489186453007436e-7,2.6129852685131025,5.351625741330325e-8,2.3771115402473563e-13