"name","ops","margin","percentSlower","samples","promise","min","max","mean","median","standardDeviation","marginOfError","relativeMarginOfError","standardErrorOfMean","sampleVariance"
"devalue",141983,0.94,56.15,87,false,0.0000065638306240167804,0.00000789594913476665,0.0000070430943813678895,0.0000070011798636602,3.1646904965435515e-7,6.650092526443717e-8,0.9442003991933096,3.3929043502263866e-8,1.001526593891307e-13
"flatted",105731,0.75,67.34,90,false,0.000008782779138956949,0.000010311354405791982,0.000009457922731739588,0.000009401587030353083,3.449313677240111e-7,7.126355888507102e-8,0.7534800283990433,3.6358958614832154e-8,1.1897764843995695e-13
"next-json",126631,1.13,60.89,86,false,0.000007156301236626372,0.000009434375434208698,0.000007896986454163829,0.0000078393318444678,4.227592385920354e-7,8.93511101457164e-8,1.131458318490649,4.5587301094753264e-8,1.7872537381491753e-13
"o-son",203870,0.81,37.03,87,false,0.000004527858664772727,0.000005314302201704545,0.0000049050773490079246,0.0000048729048295454545,1.8970235821962944e-7,3.986292612256864e-8,0.8126870034094591,2.033822761355543e-8,3.598698471408861e-14
"seroval",323775,0.91,0,87,false,0.00000289215697607213,0.0000034940856832351427,0.000003088563067954727,0.0000030827770050996753,1.3311857078011744e-7,2.7972745317198996e-8,0.9056880077156005,1.4271808835305611e-8,1.7720553886541137e-14
"superjson",63297,1.4,80.45,88,false,0.000014367978173463527,0.000023203905801263644,0.000015798458423047532,0.000015758819023960266,0.0000010571755917474317,2.2088278160473441e-7,1.3981287014845716,1.126952967371094e-7,1.1176202317865324e-12
"warp10",265980,0.89,17.85,90,false,0.0000034486599780098955,0.000004372072567344694,0.00000375968015087655,0.0000037575728422210004,1.6188653478741594e-7,3.344610459943402e-8,0.8895997334144564,1.7064339081343888e-8,2.620725014547723e-14