"name","ops","margin","percentSlower","samples","promise","min","max","mean","median","standardDeviation","marginOfError","relativeMarginOfError","standardErrorOfMean","sampleVariance"
"devalue",144104,1.09,51.89,86,false,0.000006266766691672919,0.00000802813302883243,0.000006939436025497466,0.0000068855305684652255,3.5924813142495276e-7,7.592789566822369e-8,1.0941508126776145,3.873872227970597e-8,1.2905921993232012e-13
"flatted",100338,1.24,66.5,86,false,0.000008737897099447514,0.000011200422684043676,0.000009966267540456644,0.000009997891885833467,5.85378799930193e-7,1.2372111796710797e-7,1.2413987228907883,6.312301937097345e-8,3.426683394077129e-13
"next-json",128985,3.46,56.94,82,false,0.000006614474031109939,0.00001567574479303981,0.000007752854088439985,0.0000075652391348798825,0.000001239605225047179,2.683073335953346e-7,3.4607556202482703,1.3689149673231356e-7,1.5366211139642674e-12
"o-son",196012,1.09,34.56,86,false,0.00000465189407540395,0.000005876570915619389,0.000005101735266976682,0.00000510334829443447,2.6332036298364226e-7,5.5653347363665864e-8,1.0908709380494053,2.8394564981462175e-8,6.933761356183712e-14
"seroval",299536,4.14,0,84,false,0.0000029305915721231767,0.000007857721694836768,0.0000033385023815299935,0.0000032340530215327624,6.466355484556997e-7,1.3828529623288468e-7,4.142135617393517,7.05537225677983e-8,4.1813753252660354e-13
"superjson",60600,0.82,79.77,90,false,0.000015243919536726608,0.000018241237427613533,0.000016501729687296863,0.00001657915269734837,6.519155923842639e-7,1.3468715678866328e-7,0.8162002368293931,6.87179371370731e-8,4.2499393959372564e-13
"warp10",253313,3.07,15.43,86,false,0.0000034930950390189523,0.000007629947045707915,0.000003947685622858219,0.000003836312297049273,5.727358446006438e-7,1.210490010951499e-7,3.0663282910432854,6.175969443630097e-8,3.280263476904128e-13