"name","ops","margin","percentSlower","samples","promise","min","max","mean","median","standardDeviation","marginOfError","relativeMarginOfError","standardErrorOfMean","sampleVariance"
"devalue",586,2.48,69.04,86,false,0.001519009090909091,0.003044475,0.0017070251275105705,0.0016738999999999999,0.00020052127727020956,0.0000423806202121109,2.482718006261362,0.000021622765414342297,4.020878263807626e-8
"flatted",565,2.13,70.15,82,false,0.00156789375,0.003054990625,0.0017714376262949116,0.001738565542521994,0.00017433690265873216,0.00003773448881506089,2.1301618671149756,0.000019252290211765763,3.0393355628640256e-8
"next-json",628,1.76,66.83,80,false,0.0013540947368421053,0.0021913078947368423,0.0015923575636672329,0.001567378947368421,0.00012824443422534818,0.000028102800721060152,1.7648549146423376,0.000014338163633193955,1.644663490977966e-8
"o-son",1244,2.5,34.28,86,false,0.0007165225352112676,0.00158968,0.0008038478816308702,0.0007884364285714286,0.00009497790652743234,0.00002007379286566357,2.497212883728358,0.000010241731053909985,9.020802728333674e-9
"seroval",1187,3.83,37.3,86,false,0.0007558358208955224,0.0021783716417910445,0.0008424735080140458,0.0008245343283582089,0.00015252906191154473,0.000032237358210480006,3.8265129886959652,0.00001644763174004082,2.3265114727615847e-8
"superjson",349,2.71,81.56,82,false,0.002520435,0.00568501,0.002861947775994865,0.0028165236842105264,0.00035847591693973326,0.00007759060343471997,2.711111784971271,0.000039587042568734676,1.2850498302578253e-7
"warp10",1893,1.41,0,89,false,0.0004822538461538462,0.0007590686274509803,0.0005283362147711286,0.0005234098039215686,0.00003590032989114897,0.000007458637620924786,1.4117218188716842,0.0000038054273576146868,1.2888336862933244e-9