"name","ops","margin","percentSlower","samples","promise","min","max","mean","median","standardDeviation","marginOfError","relativeMarginOfError","standardErrorOfMean","sampleVariance"
"devalue",598,0.9,67.9,88,false,0.0015340060606060606,0.002001430303030303,0.001672818696194904,0.0016684999053030304,0.00007166926858451289,0.000014974340614842776,0.8951562203904303,0.000007639969701450396,5.136484059439046e-9
"flatted",596,0.9,68.01,87,false,0.001554121212121212,0.0018586354838709678,0.0016782186283861977,0.00168151,0.00007168822739606394,0.000015064138049557983,0.897626673590431,0.000007685784719162236,5.139201947189773e-9
"next-json",549,4.2,70.53,81,false,0.001588815625,0.004636172727272727,0.00182077690208968,0.001737175,0.0003513893515115287,0.00007652479210695514,4.202864833090135,0.000039043261279058744,1.234744763556927e-7
"o-son",1308,0.92,29.79,89,false,0.0007072408450704225,0.0008403121212121212,0.000764773372096828,0.0007642408450704225,0.00003381567368861253,0.000007025530314499562,0.918642119460464,0.0000035844542420916134,1.1434997870147218e-9
"seroval",1163,1.08,37.57,88,false,0.00078184375,0.000979815625,0.0008596295735616335,0.00085790234375,0.00004423889678922208,0.00000924312919651918,1.0752456035479179,0.0000047158822431220304,1.9570799891274438e-9
"superjson",398,1.05,78.64,86,false,0.0023206954545454545,0.002769559090909091,0.002512723985200846,0.0025095136363636364,0.00012485336445804457,0.000026388037685249495,1.0501765351334542,0.00001346328453329056,1.5588362616493307e-8
"warp10",1863,0.99,0,89,false,0.0004959742574257426,0.0005936544554455446,0.0005367619954399935,0.0005343504950495049,0.00002558711086428495,0.000005315967521239431,0.990377032353387,0.000002712228327162975,6.547002423812089e-10