"name","ops","margin","percentSlower","samples","promise","min","max","mean","median","standardDeviation","marginOfError","relativeMarginOfError","standardErrorOfMean","sampleVariance"
"devalue",598,1.08,68.64,87,false,0.0015284363636363636,0.001915884375,0.001672879837164751,0.0016562875,0.00008569210750200012,0.000018006830187554183,1.0763971079998622,0.000009187158258956216,7.343137288134345e-9
"flatted",605,0.93,68.27,89,false,0.0015371454545454546,0.0019431848484848487,0.001651938049616663,0.0016428939393939395,0.00007412577730508025,0.00001540034069225289,0.9322589727760424,0.000007857316679720862,5.494630861082349e-9
"next-json",552,1.66,71.05,83,false,0.0016201838709677418,0.002299483870967742,0.0018109763250582982,0.001772658064516129,0.00013942208398727354,0.000029994981275163726,1.6562878741221612,0.000015303561875083535,1.9438517503354356e-8
"o-son",1298,0.97,31.93,88,false,0.0007108619718309859,0.0008957577464788732,0.0007706866780056186,0.0007602195816691192,0.000035663380232227445,0.000007451389048909939,0.9668506361356379,0.0000038017291065867036,1.2718766895884314e-9
"seroval",1198,0.83,37.18,88,false,0.0007817046875,0.0009191728813559322,0.0008349696711641553,0.0008300765625,0.00003306880227537547,0.000006909286487449448,0.8274895156151223,0.000003525146167066045,1.0935456839278779e-9
"superjson",408,1.06,78.61,83,false,0.0022708260869565215,0.0028381695652173913,0.002450394712219856,0.0024508695652173916,0.00012035376023953432,0.000025892661202151437,1.0566730769139971,0.000013210541429669101,1.4485027603795312e-8
"warp10",1907,0.98,0,89,false,0.00048178173076923075,0.000588438202247191,0.0005244522497941816,0.0005230009615384615,0.00002472449711831575,0.000005136751247809058,0.9794507030573228,0.000002620791452963805,6.113007577536038e-10