"name","ops","margin","percentSlower","samples","promise","min","max","mean","median","standardDeviation","marginOfError","relativeMarginOfError","standardErrorOfMean","sampleVariance"
"devalue",534,2.11,71.38,82,false,0.0015637969696969697,0.002503341935483871,0.0018735466453622426,0.001842633870967742,0.0001823721543267603,0.00003947368521908867,2.106896314367267,0.000020139635315861566,3.325960267378368e-8
"flatted",532,4.03,71.49,79,false,0.001601025,0.004224371875,0.0018789788719034979,0.0018290967741935486,0.00034305757252674673,0.00007565010513749536,4.0261285674201375,0.00003859699241708947,1.1768849806794408e-7
"next-json",627,1.38,66.4,83,false,0.0013899694444444444,0.001836734375,0.0015954478105120536,0.0015864166666666667,0.00010259120680808758,0.000022071261877608468,1.3833897750954807,0.000011260847896739015,1.0524955714339795e-8
"o-son",1220,4.28,34.62,84,false,0.0007066436619718309,0.0019087760563380283,0.000819388765928907,0.0007789345070422535,0.00016416220639502719,0.0000351066677292882,4.28449463661968,0.000017911565168004185,2.6949230008483504e-8
"seroval",1147,2.64,38.53,84,false,0.0007869569230769231,0.0018029841269841269,0.0008716589621261804,0.0008579247475961537,0.00010767600856175915,0.000023026894789032137,2.641732121111237,0.000011748415708689867,1.159412281979203e-8
"superjson",364,5.34,80.49,78,false,0.00229345,0.005642345454545454,0.0027451888306284354,0.002582365909090909,0.0006603578522421962,0.00014655077396053424,5.338458772870116,0.0000747708030410889,4.3607249301792624e-7
"warp10",1866,1.98,0,88,false,0.00048721650485436893,0.0009407902912621359,0.0005359326040635838,0.0005308412909737576,0.00005066153781829457,0.000010585054631446507,1.9750719682265647,0.000005400538077268626,2.5665914141144905e-9