"name","ops","margin","percentSlower","samples","promise","min","max","mean","median","standardDeviation","marginOfError","relativeMarginOfError","standardErrorOfMean","sampleVariance"
"devalue",473753,0.93,60.04,88,false,0.0000019461836047816165,0.0000023860348827906233,0.000002110803967103825,0.000002115352007616632,9.442129768999263e-8,1.9728074540598116e-8,0.9346237191162028,1.0065344153366386e-8,8.915381457462208e-15
"flatted",622551,0.97,47.49,90,false,0.0000014742476392198395,0.0000018671432353719886,0.0000016062947955466529,0.0000015983834907186777,7.526729856846928e-8,1.5550384991213863e-8,0.9680903551655828,7.933869893476462e-9,5.6651662337950974e-15
"next-json",580945,1.26,51,87,false,0.0000015533834816377702,0.0000021068794173019354,0.0000017213319544851176,0.000001710722038697499,1.0332419842215068e-7,2.1711932982969226e-8,1.261344909469462,1.1077516828045524e-8,1.0675889979579965e-14
"o-son",655032,0.89,44.75,91,false,0.0000014253248414887265,0.0000016737795342753974,0.0000015266428284333658,0.0000015244576497682752,6.588326797512737e-8,1.3536628439154505e-8,0.8866925640390775,6.906443081201278e-9,4.340604999082444e-15
"seroval",1185670,0.84,0,88,false,7.794261979847704e-7,9.522947145954415e-7,8.434048271891063e-7,8.401415330946109e-7,3.3772431238405246e-8,7.056300402436622e-9,0.8366445359287082,3.600153266549297e-9,1.1405771117528103e-15
"superjson",334306,0.77,71.8,88,false,0.000002779435195868359,0.0000032810235254766416,0.000002991275282502286,0.0000029865589713015554,1.0980294875390729e-7,2.294186598564559e-8,0.7669593674592889,1.1705033666145708e-8,1.2056687555053192e-14
"warp10",902232,0.87,23.91,91,false,0.0000010273322791958437,0.0000012540269084405998,0.0000011083628404194157,0.000001110054007433723,4.672739905444434e-8,9.60079028209271e-9,0.8662136560316,4.898362388822811e-9,2.183449822393286e-15