"name","ops","margin","percentSlower","samples","promise","min","max","mean","median","standardDeviation","marginOfError","relativeMarginOfError","standardErrorOfMean","sampleVariance"
"devalue",451908,2.15,62.46,87,false,0.0000019990157401872885,0.000003734114365411437,0.000002212841884782561,0.0000021935359537479425,2.2597758180793245e-7,4.748558601752905e-8,2.1459095809818822,2.422733980486176e-8,5.106586747976081e-14
"flatted",602557,3.35,49.94,88,false,0.0000014762737866942027,0.0000040179082460539905,0.0000016595951213707124,0.000001625691104882726,2.6597603243596935e-7,5.55721550357963e-8,3.348536900367452,2.835314032438587e-8,7.074324983037981e-14
"next-json",625363,2.23,48.04,85,false,0.0000014246793780501647,0.000002514593972523916,0.0000015990716764894834,0.0000015748266651511708,1.6802918145260885e-7,3.572163431422032e-8,2.2338982573089963,1.8225323629704244e-8,2.823380581963375e-14
"o-son",636444,0.92,47.12,90,false,0.0000014402782168827063,0.0000017464547466444401,0.000001571231201685206,0.0000015723464489983616,6.994059932312686e-8,1.4449877525516367e-8,0.9196531681663601,7.372386492610392e-9,4.891687433678174e-15
"seroval",1203650,0.84,0,88,false,7.683971259019695e-7,9.278674111549852e-7,8.308060170801879e-7,8.299004971132738e-7,3.326092914566637e-8,6.949428842099086e-9,0.836468284921959,3.545626960254636e-9,1.1062894076330384e-15
"superjson",307588,1.03,74.45,87,false,0.000002948397080291971,0.000003938489669043701,0.000003251099834578639,0.0000032432992700729927,1.5921158688771675e-7,3.3455776646772614e-8,1.0290602672651754,1.706927379937378e-8,2.5348329399304984e-14
"warp10",889484,0.96,26.1,89,false,0.0000010277094329547555,0.000001297132676941241,0.0000011242470343559403,0.000001121143537820131,5.177009826734793e-8,1.0755734104577508e-8,0.9567055794582783,5.4876194411109736e-9,2.680143074610861e-15