"name","ops","margin","percentSlower","samples","promise","min","max","mean","median","standardDeviation","marginOfError","relativeMarginOfError","standardErrorOfMean","sampleVariance"
"devalue",451030,0.95,60.56,88,false,0.000002028913615213433,0.0000024906927465362674,0.0000022171493911921257,0.0000022106467713185407,1.0050712617801468e-7,2.0999627473996523e-8,0.9471453550861252,1.0714095649998227e-8,1.0101682412563362e-14
"flatted",619993,0.92,45.78,90,false,0.0000014770058045316598,0.000001795414691943128,0.0000016129202850368883,0.0000016111376292760541,7.176555537788275e-8,1.482691735268228e-8,0.9192591531169924,7.564753751368511e-9,5.1502949386959555e-15
"next-json",599548,1.31,47.57,88,false,0.0000014933177334794586,0.000001962975030360475,0.0000016679218810473201,0.000001655602618405853,1.0425139207133374e-7,2.17819420412644e-8,1.3059329869566252,1.111323573533898e-8,1.0868352748810949e-14
"o-son",629888,0.89,44.92,88,false,0.0000014291565715588746,0.0000017621526095259812,0.0000015875831488381646,0.0000015875252938244765,6.750641047367395e-8,1.4104566770151507e-8,0.8884301134383799,7.196207535791585e-9,4.557115455040156e-15
"seroval",1143560,1.7,0,85,false,7.905494229015316e-7,0.00000130598213005877,8.744625023606031e-7,8.608517686782296e-7,7.003833394526105e-8,1.488957889064938e-8,1.7027121060600205,7.596723923800704e-9,4.9053682218279065e-15
"superjson",336174,0.79,70.6,86,false,0.0000027560897963664307,0.0000033617626607949936,0.000002974646068272786,0.0000029852148997665434,1.1079416308362063e-7,2.341659404571923e-8,0.7872060577383568,1.1947241860060832e-8,1.2275346573399923e-14
"warp10",882922,0.97,22.79,87,false,0.0000010498859583644357,0.0000013413311963797493,0.0000011326025496701824,0.0000011267670839853937,5.245320734678817e-8,1.102220525343175e-8,0.9731750344939142,5.62357410889375e-9,2.7513389609651524e-15