"name","ops","margin","percentSlower","samples","promise","min","max","mean","median","standardDeviation","marginOfError","relativeMarginOfError","standardErrorOfMean","sampleVariance"
"devalue",455458,1.12,63.4,87,false,0.0000020011613308223476,0.0000025949623352165728,0.0000021955897271843613,0.0000021839179221594476,1.1710470094243923e-7,2.46076858826888e-8,1.1207779658472834,1.2554941776882041e-8,1.3713510982818128e-14
"flatted",615062,0.76,50.58,89,false,0.0000014822715089393538,0.0000018004918853642014,0.0000016258523822533573,0.0000016246723440236758,5.963305991362341e-8,1.2389339748999681e-8,0.762021194804206,6.321091708673307e-9,3.5561018346618e-15
"next-json",650659,0.98,47.72,88,false,0.0000014058558053484332,0.0000017635645007568535,0.0000015369022313646163,0.0000015415330492795873,7.195879148896655e-8,1.5034832575661036e-8,0.9782556280311728,7.670832946765835e-9,5.178067672552565e-15
"o-son",641119,0.87,48.48,87,false,0.0000014237585726074955,0.000001756685049932926,0.0000015597721056457432,0.0000015571831387069211,6.488456781968439e-8,1.363445746149526e-8,0.8741313818950889,6.9563558477016634e-9,4.2100071411472235e-15
"seroval",1244525,0.89,0,86,false,7.441545950904814e-7,9.077628655497507e-7,8.035191366691877e-7,8.032562736555034e-7,3.372565781972785e-8,7.127993173190505e-9,0.8870968777094765,3.6367312108114823e-9,1.1374199953733703e-15
"superjson",346903,1.94,72.13,89,false,0.0000026422896827484613,0.0000051167825064157404,0.0000028826487847017266,0.0000028672153854349794,2.68649779627887e-7,5.581456658646826e-8,1.9362250053727412,2.8476819686973604e-8,7.217270409411226e-14
"warp10",855712,0.89,31.24,88,false,0.0000010823732768678967,0.0000013799596243705485,0.0000011686179381770225,0.0000011632042976034868,4.9939671101577257e-8,1.043423018035145e-8,0.8928692466100816,5.323586826709923e-9,2.4939707497337106e-15